id,title,cover
f09c8525-0fa5-4aa8-b690-74d36519073c,親苑時報 2026年8月號,https://drive.google.com/thumbnail?id=1FA-4ZwT0Z5GQFRoVgBVAKsVjKhxOKqVX&sz=w700
e3c5a221-9b95-4b73-aa22-3552e9853f4c,親苑時報 2026年7月號,https://drive.google.com/thumbnail?id=152-UzlgrDZC0VqUT3OHrILskwzemWeJQ&sz=w700
news-202605,親苑時報 2026年5月號,https://drive.google.com/thumbnail?id=1PNPAI4QYCgGYQcvsHZ8jv1tMxEYBx2d3&sz=w700
news-202604,親苑時報 2026年4月號,https://drive.google.com/thumbnail?id=1P7vIkTxoxJnzz3xzppz9a8v0iiJUHC0u&sz=w700
news-202603,親苑時報 2026年3月號,https://drive.google.com/thumbnail?id=1P7RGayHmdvISqBIusTJM6ocRVTPBQ88V&sz=w700
news-202602,親苑時報 2026年2月號,https://drive.google.com/thumbnail?id=1OM6LHuQ8k3ZSBKrqHMTIly2PY6AqUCN5&sz=w700
news-202601,親苑時報 2026年1月號,https://drive.google.com/thumbnail?id=16dXwG35Rkta2FEhib6VE__haQyhvIPPL&sz=w700
news-202512,親苑時報 2025年12月號,https://drive.google.com/thumbnail?id=1apiXyLYZgDhaGUkVzTRoKC2ajHAqQ57y&sz=w700
news-202507,親苑時報 2025年7月號,https://drive.google.com/thumbnail?id=17hdmVMoB7V4_0v831L9qiP6TcDhdS2-d&sz=w700
news-202506,親苑時報 2025年6月號,https://drive.google.com/thumbnail?id=19p-1AR-R9YD2DbPVlfCK4rZQ7XEAYrwx&sz=w700
news-202505,親苑時報 2025年5月號,https://drive.google.com/thumbnail?id=143k6WFKyXtqJGRyleC_MQLXBX7vWe3QC&sz=w700
news-202504,親苑時報 2025年4月號,https://drive.google.com/thumbnail?id=1LhK9gcj_9CvKzKzNY4mAAyGAMRmF1Y8k&sz=w700
news-202503,親苑時報 2025年3月號,https://drive.google.com/thumbnail?id=1ANRXbwYquJGsqlEsc7USjB5HtlyItrdR&sz=w700
news-202502,親苑時報 2025年2月號,https://drive.google.com/thumbnail?id=1D8rh3QppVgXsp0jqfUFJtZqUkw_4ZiIp&sz=w700
news-202501,親苑時報 2025年1月號,https://drive.google.com/thumbnail?id=1QrlisYTwA5-Mjj4YB2iu0Us9KiwJpI6S&sz=w700
news-202412,親苑時報 2024年12月號,https://drive.google.com/thumbnail?id=1zXLVgWH9rIyquI0es6-cVCIOYC6bL6jX&sz=w700
news-202411,親苑時報 2024年11月號,https://drive.google.com/thumbnail?id=1ReLc358tQX7ND6rEnakM_6_4eddTNfBA&sz=w700
news-202410,親苑時報 2024年10月號,https://drive.google.com/thumbnail?id=1b6hJNfbygUzCvb-fo3sjdxAprEJVrNZ_&sz=w700
news-202409,親苑時報 2024年9月號,https://drive.google.com/thumbnail?id=1w_NXquu1RfNjc58PNE5zdupVN8Q2n_CB&sz=w700
news-202408,親苑時報 2024年8月號,https://drive.google.com/thumbnail?id=1LUYwaBTZNKkTRzPRMDjA67YtUV2AOlUD&sz=w700
news-202407,親苑時報 2024年7月號,https://drive.google.com/thumbnail?id=13fxUfS3oHWFnDaWD4e2H2RNLaY2ioTCA&sz=w700
news-202406,親苑時報 2024年6月號,https://drive.google.com/thumbnail?id=1aIsKUbkqZOWKsxl7rGjHNjYlt_MO4PHl&sz=w700
news-202405,親苑時報 2024年5月號,https://drive.google.com/thumbnail?id=1LeYK-PHBYqJVa4VS8R5CGPgRMeBUQO7_&sz=w700
news-202404,親苑時報 2024年4月號,https://drive.google.com/thumbnail?id=1fRN6g5tx5YWors0EWRjBATQku6LKidY3&sz=w700
news-202403,親苑時報 2024年3月號,https://drive.google.com/thumbnail?id=1WAYOV1G69XblmOVyZg3jK89V9gr0h4nH&sz=w700
news-202402,親苑時報 2024年2月號,https://drive.google.com/thumbnail?id=1-Ywe9Id321FevoZJ9yQhqhTHGmQjvKJ_&sz=w700
news-202401,親苑時報 2024年1月號,https://drive.google.com/thumbnail?id=1ca8nACq_2hCr0F-dl0Afd_PJcbZoiHKd&sz=w700
news-202312,親苑時報 2023年12月號,https://drive.google.com/thumbnail?id=1XmlD10ySEuLsXInEtpytpR7CVogXAXsW&sz=w700
news-202311,親苑時報 2023年11月號,https://drive.google.com/thumbnail?id=12KZy-SXa8g32NcQkNACIE_jLs9syREu1&sz=w700
news-202310,親苑時報 2023年10月號,https://drive.google.com/thumbnail?id=1A7upLTan_T7jt4B3rdHiz7n38swzeQOg&sz=w700
news-202309,親苑時報 2023年9月號,https://drive.google.com/thumbnail?id=1N1_HGeMrKt0weYojBghmEbCQBWVYA68N&sz=w700
news-202308,親苑時報 2023年8月號,https://drive.google.com/thumbnail?id=1HKUUxwrwk2suiw9_v9_D5SQYGJwrCOZb&sz=w700
news-202307,親苑時報 2023年7月號,https://drive.google.com/thumbnail?id=1biHk6iErnfd-fD4TvoCW3GwTyCC0jcBe&sz=w700
news-202306,親苑時報 2023年6月號,https://drive.google.com/thumbnail?id=1rxE2iN6_BeozOQre1MV3tGnXWG3OXOsk&sz=w700
news-202305,親苑時報 2023年5月號,https://drive.google.com/thumbnail?id=1zh_KkuhqSNMiPsHYOLerVG0os3g-pZvS&sz=w700
news-202304,親苑時報 2023年4月號,https://drive.google.com/thumbnail?id=121Wcgb6h9RL4ZnRgelD3YmQja9Q9Cu-6&sz=w700
news-202303,親苑時報 2023年3月號,https://drive.google.com/thumbnail?id=1PR7FLSGrwiqmzz4ySgu8W_8k7RgW3Gdw&sz=w700
news-202302,親苑時報 2023年2月號,https://drive.google.com/thumbnail?id=16XbKJtQgaUqUnj7zmfzq5ezOYEam_Ko3&sz=w700
news-202301,親苑時報 2023年1月號,https://drive.google.com/thumbnail?id=13mgd0AQqLTnzrs8iElNk4ycA5vdJwYgD&sz=w700
news-202212,親苑時報 2022年12月號,https://drive.google.com/thumbnail?id=1VKJvq4PoKtIqQ1SgNYMQJqj5TTAbRjEd&sz=w700
news-202211,親苑時報 2022年11月號,https://drive.google.com/thumbnail?id=19SqKgCLNPhH3vyIheceAxgGo8ZUOYKYL&sz=w700
news-202210,親苑時報 2022年10月號,https://drive.google.com/thumbnail?id=1okteHXqxF-TGDjmypucAviVJnfHlrtfo&sz=w700
news-202209,親苑時報 2022年9月號,https://drive.google.com/thumbnail?id=1i_0GBeYY968o7_2flYQG9BIkiTMEDwuk&sz=w700
news-202208,親苑時報 2022年8月號,https://drive.google.com/thumbnail?id=1HKUUxwrwk2suiw9_v9_D5SQYGJwrCOZb&sz=w700
news-202207,親苑時報 2022年7月號,https://drive.google.com/thumbnail?id=1pTIeL3h3eoXeDGIQxIKIgHGQbOsVl3Zw&sz=w700
news-202206,親苑時報 2022年6月號,https://drive.google.com/thumbnail?id=1fqxt9cWTZU6in1fHryi43gtVjxkLYCoM&sz=w700
news-202205,親苑時報 2022年5月號,https://drive.google.com/thumbnail?id=1hkXW7_9T_3qbKgqzYTtRT8Zcj7kRQVBl&sz=w700
news-202204,親苑時報 2022年4月號,https://drive.google.com/thumbnail?id=1YllGG2urzTrvR0PcV6uffD2oxWd9UqXH&sz=w700
news-202203,親苑時報 2022年3月號,https://drive.google.com/thumbnail?id=1iZqZDxosvln8sI00Ts958JBp2YubqrGQ&sz=w700
news-202202,親苑時報 2022年2月號,https://drive.google.com/thumbnail?id=1oRxqP_Xh5PTxiVdZiNnATOrWHfexsusM&sz=w700
news-202201,親苑時報 2022年1月號,https://drive.google.com/thumbnail?id=1ubnIMsw0L8zUF_PsgdffQ-7y8e31jmW-&sz=w700
news-202112,親苑時報 2021年12月號,https://drive.google.com/thumbnail?id=1vD5Kn8FOnhDMOX0WvUS6ZVpE1VElF4Pi&sz=w700
news-202111,親苑時報 2021年11月號,https://drive.google.com/thumbnail?id=1i8ADbgC0R10cvdcgznrP-bQRQBpCFhmP&sz=w700
news-202110,親苑時報 2021年10月號,https://drive.google.com/thumbnail?id=1hGcGeNEzXoDlDQBJBPGdmueIVnFiT3d5&sz=w700
news-202109,親苑時報 2021年9月號,https://drive.google.com/thumbnail?id=1K1eY-rf2mGaNd3kkMbwu0QUjT7AgaHEe&sz=w700
news-202108,親苑時報 2021年8月號,https://drive.google.com/thumbnail?id=1WRvGxayqVaLNQkxJvDhdx2GOllFBxhnR&sz=w700
news-202107,親苑時報 2021年7月號,https://drive.google.com/thumbnail?id=1r8UuXf6jvTJei2CMSA8Uumyffji3BHJM&sz=w700
news-202106,親苑時報 2021年6月號,https://drive.google.com/thumbnail?id=11lEg89S7EAREpDzrMc-FVuNLuC534TW7&sz=w700
news-202105,親苑時報 2021年5月號,https://drive.google.com/thumbnail?id=1LqT00RE9Uvl4JmIzB654uN6Frj3q71Ey&sz=w700
news-202104,親苑時報 2021年4月號,https://drive.google.com/thumbnail?id=18jvzmlVA6G92AtjSFHgulYjqn6GkerUj&sz=w700
news-202103,親苑時報 2021年3月號,https://drive.google.com/thumbnail?id=1qZCSuxcXEbBohwbwHu0NsbpPTmnu2dvv&sz=w700
news-202102,親苑時報 2021年2月號,https://drive.google.com/thumbnail?id=1L5ovQ8aLjiQbf3JrlMNB-gXzxVv27Bsf&sz=w700
news-202101,親苑時報 2021年1月號,https://drive.google.com/thumbnail?id=1YBAh1nTExtWbW0adAzZ0y_vz26Cn3swJ&sz=w700
news-202012,親苑時報 2020年12月號,https://drive.google.com/thumbnail?id=1PwosxhePHAQWWZjaWTc0WpLw_ypmMvAs&sz=w700
news-202011,親苑時報 2020年11月號,https://drive.google.com/thumbnail?id=1hhFV2GSQqHeC9dlc68eGpK9IRcZdnau-&sz=w700
news-202010,親苑時報 2020年10月號,https://drive.google.com/thumbnail?id=1oDQ32ogJy0rXyy9WHwTVscfYr6mJy2JM&sz=w700
news-202009,親苑時報 2020年9月號,https://drive.google.com/thumbnail?id=1fjhaUF_97okvVTMrZTUv5ccAzk5bh-cT&sz=w700
news-202008,親苑時報 2020年8月號,https://drive.google.com/thumbnail?id=1K6z03Talz9IGXysCvot-qc9n2bYOiN8i&sz=w700
news-202007,親苑時報 2020年7月號,https://drive.google.com/thumbnail?id=1Z7mpKC-YwoORP5yd8vNMdvg1K_xlHlVH&sz=w700
news-202006,親苑時報 2020年6月號,https://drive.google.com/thumbnail?id=1ls_NhA8sUEvM6VXd1btU3493wsIWMClz&sz=w700
news-202005,親苑時報 2020年5月號,https://drive.google.com/thumbnail?id=1GtD972FFnet3-NhjPHgvxhCAH3t68G56&sz=w700
news-202004,親苑時報 2020年4月號,https://drive.google.com/thumbnail?id=1Txge5NoO2-YXhywRw5NTrZLJipt3fYlt&sz=w700
news-202003,親苑時報 2020年3月號,https://drive.google.com/thumbnail?id=1gupi-vZpzwYf_qGcPFt3gVf5vqiHhU2K&sz=w700
news-202002,親苑時報 2020年2月號,https://drive.google.com/thumbnail?id=1Gm8h9wPaAyASyOHS8QyG-WnBGn5ayEO2&sz=w700
news-202001,親苑時報 2020年1月號,https://drive.google.com/thumbnail?id=1fBEPSLmi6VEPav5Tbcp0PEmuvJ_El4V2&sz=w700
news-201912,親苑時報 2019年12月號,https://drive.google.com/thumbnail?id=1juMwvf9m3TAGfcTbZAsU2L_nOLFcuqAa&sz=w700
news-201911,親苑時報 2019年11月號,https://drive.google.com/thumbnail?id=1hIDirFiSTNLW4W0yfcNAyCJyv5BZMroy&sz=w700
news-201910,親苑時報 2019年10月號,https://drive.google.com/thumbnail?id=1_u7lwWyet8szIeLQx6S6qCtOcdgP0pON&sz=w700
news-201909,親苑時報 2019年9月號,https://drive.google.com/thumbnail?id=1Q3-uoFapD3ZMzplVJTzUp19j485xjhYk&sz=w700
news-201908,親苑時報 2019年8月號,https://drive.google.com/thumbnail?id=1zbBtSRYF2lVC2RX-97GBYDdhP7_7cqmh&sz=w700
news-201907,親苑時報 2019年7月號,https://drive.google.com/thumbnail?id=1jm8kCXyLDxVslGFWGSodRAAMFMqj3fAC&sz=w700
news-201906,親苑時報 2019年6月號,https://drive.google.com/thumbnail?id=1QNzjBpJNKNhulLbGUwL64ML2qK9oaJk2&sz=w700
news-201905,親苑時報 2019年5月號,https://drive.google.com/thumbnail?id=1eZw-lSmFMXp6hrcp-wA7wK4kC1F_O7qr&sz=w700
news-201904,親苑時報 2019年4月號,https://drive.google.com/thumbnail?id=1qXNAfSbexsgMCmGj9elU2hcGenOTLyWp&sz=w700
news-201903,親苑時報 2019年3月號,https://drive.google.com/thumbnail?id=1Lxe0OZicGASkezmAF2rH7QCKfAnOcVrc&sz=w700
news-201902,親苑時報 2019年2月號,https://drive.google.com/thumbnail?id=1Z9dpRJpw-dslL3Oyfk8ESwLWTUyz7z7H&sz=w700
news-201901,親苑時報 2019年1月號,https://drive.google.com/thumbnail?id=1H9ikMMVuNVNDel_MKf1h7goJpj6lZ58U&sz=w700
news-201812,親苑時報 2018年12月號,https://drive.google.com/thumbnail?id=1bledk68aRNuFb7jqo2x2SuDcTjurxKv4&sz=w700
news-201811,親苑時報 2018年11月號,https://drive.google.com/thumbnail?id=1_e6AGPhGJWLVx744uwc1_awbASbtQ62w&sz=w700
news-201810,親苑時報 2018年10月號,https://drive.google.com/thumbnail?id=1SOAjtW36Tkp_mLzRkc0MeDdwILJ85STg&sz=w700
news-201809,親苑時報 2018年9月號,https://drive.google.com/thumbnail?id=1bwA3d-sUagbDbNUXLMqYwVgOaykw7-ij&sz=w700
news-201808,親苑時報 2018年8月號,https://drive.google.com/thumbnail?id=1dQGymGysWqVOgoSkuKm-nJNtK1t96Pmr&sz=w700
news-201807,親苑時報 2018年7月號,https://drive.google.com/thumbnail?id=1aTBLvGcs1BZFr_-07figMkPwbJH5r10b&sz=w700
news-201806,親苑時報 2018年6月號,https://drive.google.com/thumbnail?id=1uAaNP4Mc8_9lJaOpfpNg3x5OJNgmFEsA&sz=w700
news-201805,親苑時報 2018年5月號,https://drive.google.com/thumbnail?id=1N3fYohep7J2zbhPXvwJkiqjQeif7pF0j&sz=w700
news-201804,親苑時報 2018年4月號,https://drive.google.com/thumbnail?id=1exCUSyw9584V_H2oHIql-p2rVio5g8f3&sz=w700
news-201803,親苑時報 2018年3月號,https://drive.google.com/thumbnail?id=1PmOv4Un5oiyigJBQMUR5h5dEE2hgN8os&sz=w700
news-201802,親苑時報 2018年2月號,https://drive.google.com/thumbnail?id=1piRQpw8eO8JfOD9V1xU9-I3hciDaKlUj&sz=w700
news-201801,親苑時報 2018年1月號,https://drive.google.com/thumbnail?id=1_FRVM6u8z8QkQExkKEWmvs7KIb_lbcWl&sz=w700
news-201712,親苑時報 2017年12月號,https://drive.google.com/thumbnail?id=1Wa4CSJA6428yKwx04F0OIcFykLTGZTjN&sz=w700
news-201711,親苑時報 2017年11月號,https://drive.google.com/thumbnail?id=1KPexRtCh5ruA0vnqwc10XzoY2_zBSYk8&sz=w700
news-201710,親苑時報 2017年10月號,https://drive.google.com/thumbnail?id=1_bMrX5P544vlqUygSpYYevFUDCt9dK68&sz=w700
news-201709,親苑時報 2017年9月號,https://drive.google.com/thumbnail?id=1dL13kuqGILh6md-YhLTMigl3qcVhRlHl&sz=w700
news-201708,親苑時報 2017年8月號,https://drive.google.com/thumbnail?id=1fV-_VXBy5Q1nuEjYvUuUzost5ZBlvbpR&sz=w700
news-201707,親苑時報 2017年7月號,https://drive.google.com/thumbnail?id=1ITk5Yg4oWk_ZOFkX0sBnYJlm7LfsfAdc&sz=w700
news-201706,親苑時報 2017年6月號,https://drive.google.com/thumbnail?id=1uYv6ppOssaBEo3eP50uVMxP9O5GOrtxW&sz=w700
news-201705,親苑時報 2017年5月號,https://drive.google.com/thumbnail?id=1c0CD2rEfzYtQMNcq-b5SgRVLCPuTLz8p&sz=w700
news-201704,親苑時報 2017年4月號,https://drive.google.com/thumbnail?id=1VBqoDFzTYjyFXmhe2t3Uc2Q4Gx0NdCMm&sz=w700
news-201703,親苑時報 2017年3月號,https://drive.google.com/thumbnail?id=1J2Z90JLvtiUvxrv-UEMtPtGKuPveD1PF&sz=w700
news-201702,親苑時報 2017年2月號,https://drive.google.com/thumbnail?id=1TbtKCjMoCy2zog0cnpi0syO6br9YH4l_&sz=w700
news-201701,親苑時報 2017年1月號,https://drive.google.com/thumbnail?id=1TMh7ILv-aeoFiB1CazexsMliB3CkQY4y&sz=w700
